type,filename,repetitions,successful_runs,original_size,compressed_size,compression_ratio_mean,compression_ratio_stddev,compression_time_mean,compression_time_stddev,decompression_time_mean,decompression_time_stddev
text_small,experiments/data/text/text_100kb.txt,10,10,102415,59660,0.582532,0.000000,0.029258,0.003055,0.014912,0.001543
text_medium,experiments/data/text/text_1mb.txt,10,10,1023688,585699,0.572146,0.000000,0.241028,0.016668,0.131011,0.024635
text_large,experiments/data/text/text_10mb.txt,10,10,10242540,5885205,0.574585,0.000000,2.263028,0.043337,1.151477,0.084870
repetitive_small,experiments/data/repetitive/repetitive_100kb.txt,10,10,126880,16143,0.127230,0.000000,0.020306,0.003995,0.010828,0.000578
repetitive_medium,experiments/data/repetitive/repetitive_1mb.txt,10,10,1049810,133401,0.127072,0.000000,0.122208,0.053578,0.083115,0.058743
repetitive_large,experiments/data/repetitive/repetitive_10mb.txt,10,10,10496512,1333596,0.127051,0.000000,1.128128,0.438446,0.595267,0.026899
random_small,experiments/data/random/random_100kb.bin,10,10,102400,103688,1.012578,0.000000,0.048357,0.017969,0.015697,0.000723
random_medium,experiments/data/random/random_1mb.bin,10,10,1048576,1049864,1.001228,0.000000,0.366190,0.027460,0.126679,0.018063
random_large,experiments/data/random/random_10mb.bin,10,10,10485760,10487048,1.000123,0.000000,3.472761,0.032123,1.216125,0.035425
compressed_small,experiments/data/compressed/text_100kb.bin,10,10,60908,61064,1.002561,0.000000,0.030935,0.005204,0.013256,0.004104
compressed_medium,experiments/data/compressed/text_1mb.bin,10,10,640179,633294,0.989245,0.000000,0.229262,0.015254,0.087373,0.007332
compressed_large,experiments/data/compressed/text_10mb.bin,10,10,6396767,6315442,0.987287,0.000000,2.214875,0.065059,0.853463,0.017184
